step,wall_time_s,metric,value
0,46.667,eval/walltime,27.570919036865234
0,46.667,eval/episode_reward,527.668701171875
0,46.667,eval/episode_reward/ctrl,-0.2769871950149536
0,46.667,eval/episode_reward/forward,621.7745361328125
0,46.667,eval/episode_reward/joint,-0.1160224974155426
0,46.667,eval/episode_reward/orient,-93.71280670166016
0,46.667,eval/episode_reward/total,527.668701171875
0,46.667,eval/episode_state/forward_vel,-3.0741138458251953
0,46.667,eval/episode_state/up_z,798.5005493164062
0,46.667,eval/episode_reward_std,210.46958923339844
0,46.667,eval/episode_reward/ctrl_std,0.004315939731895924
0,46.667,eval/episode_reward/forward_std,19.037832260131836
0,46.667,eval/episode_reward/joint_std,0.0058922478929162025
0,46.667,eval/episode_reward/orient_std,207.12550354003906
0,46.667,eval/episode_reward/total_std,210.46958923339844
0,46.667,eval/episode_state/forward_vel_std,14.793885231018066
0,46.667,eval/episode_state/up_z_std,172.3126220703125
0,46.667,eval/avg_episode_length,1000.0
0,46.667,eval/std_episode_length,0.0
0,46.667,eval/epoch_eval_time,27.570919036865234
0,46.667,eval/sps,4642.572843830503
4194304,322.203,episode/sps,13404.85090368329
4194304,322.203,episode/length,1000.0
4194304,322.203,episode/reward/ctrl,-0.27735781133174897
4194304,322.203,episode/reward/forward,620.8993194580078
4194304,322.203,episode/reward/joint,-0.11594584383070469
4194304,322.203,episode/reward/orient,-112.87279608249665
4194304,322.203,episode/reward/total,507.63315155029295
4194304,322.203,episode/state/forward_vel,-4.3222686183452605
4194304,322.203,episode/state/up_z,783.6148157119751
4194304,322.203,episode/sum_reward,507.63315155029295
4194304,322.203,episode/entropy_loss,-0.11291276045143604
4194304,322.203,episode/kl_mean,4.323296332359314
4194304,322.203,episode/learning_rate,0.0003000000142492354
4194304,322.203,episode/policy_dist_max_loc,2.484996404647827
4194304,322.203,episode/policy_dist_max_std,3.377224631309509
4194304,322.203,episode/policy_dist_mean_loc,-0.044636749122291805
4194304,322.203,episode/policy_dist_mean_std,0.7280259776115418
4194304,322.203,episode/policy_dist_min_loc,-3.4352875661849978
4194304,322.203,episode/policy_dist_min_std,0.040034534931182864
4194304,322.203,episode/policy_loss,0.2715559214353561
4194304,322.203,episode/total_loss,8.775520536899567
4194304,322.203,episode/v_loss,8.616877419948578
4194304,349.678,eval/walltime,54.85516309738159
4194304,349.678,training/sps,15227.998154433231
4194304,349.678,training/walltime,275.43370819091797
4194304,349.678,training/entropy_loss,-0.11311173439025879
4194304,349.678,training/kl_mean,4.40799617767334
4194304,349.678,training/learning_rate,0.0003000000142492354
4194304,349.678,training/policy_dist_max_loc,2.471916675567627
4194304,349.678,training/policy_dist_max_std,3.217453718185425
4194304,349.678,training/policy_dist_mean_loc,-0.04055410251021385
4194304,349.678,training/policy_dist_mean_std,0.7243242859840393
4194304,349.678,training/policy_dist_min_loc,-3.4049553871154785
4194304,349.678,training/policy_dist_min_std,0.04130612686276436
4194304,349.678,training/policy_loss,0.2744362950325012
4194304,349.678,training/total_loss,10.828251838684082
4194304,349.678,training/v_loss,10.666927337646484
4194304,349.678,eval/episode_reward,571.0628051757812
4194304,349.678,eval/episode_reward/ctrl,-0.25405728816986084
4194304,349.678,eval/episode_reward/forward,616.4099731445312
4194304,349.678,eval/episode_reward/joint,-0.0817265659570694
4194304,349.678,eval/episode_reward/orient,-45.011417388916016
4194304,349.678,eval/episode_reward/total,571.0628051757812
4194304,349.678,eval/episode_state/forward_vel,-8.076346397399902
4194304,349.678,eval/episode_state/up_z,885.1182861328125
4194304,349.678,eval/episode_reward_std,222.67662048339844
4194304,349.678,eval/episode_reward/ctrl_std,0.0047367531806230545
4194304,349.678,eval/episode_reward/forward_std,15.27161693572998
4194304,349.678,eval/episode_reward/joint_std,0.007957994006574154
4194304,349.678,eval/episode_reward/orient_std,221.86102294921875
4194304,349.678,eval/episode_reward/total_std,222.67662048339844
4194304,349.678,eval/episode_state/forward_vel_std,12.623626708984375
4194304,349.678,eval/episode_state/up_z_std,143.46713256835938
4194304,349.678,eval/avg_episode_length,1000.0
4194304,349.678,eval/std_episode_length,0.0
4194304,349.678,eval/epoch_eval_time,27.284244060516357
4194304,349.678,eval/sps,4691.352258691736
8388608,609.868,episode/sps,14580.530915131923
8388608,609.868,episode/length,1000.0
8388608,609.868,episode/reward/ctrl,-0.25407232776284217
8388608,609.868,episode/reward/forward,616.4429577636719
8388608,609.868,episode/reward/joint,-0.08189878605306149
8388608,609.868,episode/reward/orient,-55.81105177402496
8388608,609.868,episode/reward/total,560.2958944702149
8388608,609.868,episode/state/forward_vel,-7.6108321437239645
8388608,609.868,episode/state/up_z,879.3292617797852
8388608,609.868,episode/sum_reward,560.2958944702149
8388608,609.868,episode/entropy_loss,-0.10934587895870208
8388608,609.868,episode/kl_mean,0.05078759398311376
8388608,609.868,episode/learning_rate,0.0003000000142492354
8388608,609.868,episode/policy_dist_max_loc,2.3254777908325197
8388608,609.868,episode/policy_dist_max_std,3.3498793411254884
8388608,609.868,episode/policy_dist_mean_loc,-0.07607032492756843
8388608,609.868,episode/policy_dist_mean_std,0.7704595804214478
8388608,609.868,episode/policy_dist_min_loc,-3.071448276042938
8388608,609.868,episode/policy_dist_min_std,0.04037144949659705
8388608,609.868,episode/policy_loss,0.014479947295039892
8388608,609.868,episode/total_loss,3.5515315675735475
8388608,609.868,episode/v_loss,3.646397486925125
8388608,620.495,eval/walltime,65.4685709476471
8388608,620.495,training/sps,16119.834916324638
8388608,620.495,training/walltime,535.6289286613464
8388608,620.495,training/entropy_loss,-0.10980218648910522
8388608,620.495,training/kl_mean,0.08710292726755142
8388608,620.495,training/learning_rate,0.0003000000142492354
8388608,620.495,training/policy_dist_max_loc,2.3460264205932617
8388608,620.495,training/policy_dist_max_std,3.4167110919952393
8388608,620.495,training/policy_dist_mean_loc,-0.07418389618396759
8388608,620.495,training/policy_dist_mean_std,0.7665936350822449
8388608,620.495,training/policy_dist_min_loc,-3.1231307983398438
8388608,620.495,training/policy_dist_min_std,0.0404374785721302
8388608,620.495,training/policy_loss,0.022992916405200958
8388608,620.495,training/total_loss,3.5827748775482178
8388608,620.495,training/v_loss,3.669584035873413
8388608,620.495,eval/episode_reward,610.924560546875
8388608,620.495,eval/episode_reward/ctrl,-0.25257211923599243
8388608,620.495,eval/episode_reward/forward,619.3118896484375
8388608,620.495,eval/episode_reward/joint,-0.08224523067474365
8388608,620.495,eval/episode_reward/orient,-8.052600860595703
8388608,620.495,eval/episode_reward/total,610.924560546875
8388608,620.495,eval/episode_state/forward_vel,-6.218155384063721
8388608,620.495,eval/episode_state/up_z,939.9325561523438
8388608,620.495,eval/episode_reward_std,19.964397430419922
8388608,620.495,eval/episode_reward/ctrl_std,0.004203327465802431
8388608,620.495,eval/episode_reward/forward_std,16.228317260742188
8388608,620.495,eval/episode_reward/joint_std,0.007052293047308922
8388608,620.495,eval/episode_reward/orient_std,8.087105751037598
8388608,620.495,eval/episode_reward/total_std,19.964397430419922
8388608,620.495,eval/episode_state/forward_vel_std,12.90362548828125
8388608,620.495,eval/episode_state/up_z_std,26.198190689086914
8388608,620.495,eval/avg_episode_length,1000.0
8388608,620.495,eval/std_episode_length,0.0
8388608,620.495,eval/epoch_eval_time,10.613407850265503
8388608,620.495,eval/sps,12060.216831938478
12582912,871.782,episode/sps,16014.0389528897
12582912,871.782,episode/length,1000.0
12582912,871.782,episode/reward/ctrl,-0.25374696716666223
12582912,871.782,episode/reward/forward,620.8276245117188
12582912,871.782,episode/reward/joint,-0.08319406270980835
12582912,871.782,episode/reward/orient,-15.090890824198723
12582912,871.782,episode/reward/total,605.3997904968262
12582912,871.782,episode/state/forward_vel,-4.556095120236278
12582912,871.782,episode/state/up_z,933.5243365478516
12582912,871.782,episode/sum_reward,605.3997904968262
12582912,871.782,episode/entropy_loss,-0.10941243089735508
12582912,871.782,episode/kl_mean,0.006219663075171411
12582912,871.782,episode/learning_rate,0.0003000000142492354
12582912,871.782,episode/policy_dist_max_loc,2.3103726887702942
12582912,871.782,episode/policy_dist_max_std,3.1474546504020693
12582912,871.782,episode/policy_dist_mean_loc,-0.08778813816606998
12582912,871.782,episode/policy_dist_mean_std,0.7675908988714218
12582912,871.782,episode/policy_dist_min_loc,-2.9827164006233216
12582912,871.782,episode/policy_dist_min_std,0.04424839142709971
12582912,871.782,episode/policy_loss,-0.0023284235410392286
12582912,871.782,episode/total_loss,3.7989424800872804
12582912,871.782,episode/v_loss,3.910683324337006
12582912,882.424,eval/walltime,76.09684133529663
12582912,882.424,training/sps,16690.95690815741
12582912,882.424,training/walltime,786.9209320545197
12582912,882.424,training/entropy_loss,-0.1094094067811966
12582912,882.424,training/kl_mean,0.006128847133368254
12582912,882.424,training/learning_rate,0.0003000000142492354
12582912,882.424,training/policy_dist_max_loc,2.312972068786621
12582912,882.424,training/policy_dist_max_std,3.1491003036499023
12582912,882.424,training/policy_dist_mean_loc,-0.08719351142644882
12582912,882.424,training/policy_dist_mean_std,0.7672590017318726
12582912,882.424,training/policy_dist_min_loc,-2.985440254211426
12582912,882.424,training/policy_dist_min_std,0.04455962032079697
12582912,882.424,training/policy_loss,-0.001981467707082629
12582912,882.424,training/total_loss,3.7782931327819824
12582912,882.424,training/v_loss,3.8896842002868652
12582912,882.424,eval/episode_reward,606.3327026367188
12582912,882.424,eval/episode_reward/ctrl,-0.2529065012931824
12582912,882.424,eval/episode_reward/forward,626.7049560546875
12582912,882.424,eval/episode_reward/joint,-0.08544471859931946
12582912,882.424,eval/episode_reward/orient,-20.03382110595703
12582912,882.424,eval/episode_reward/total,606.3327026367188
12582912,882.424,eval/episode_state/forward_vel,0.0193130224943161
12582912,882.424,eval/episode_state/up_z,949.4619140625
12582912,882.424,eval/episode_reward_std,127.54580688476562
12582912,882.424,eval/episode_reward/ctrl_std,0.003912675194442272
12582912,882.424,eval/episode_reward/forward_std,16.347415924072266
12582912,882.424,eval/episode_reward/joint_std,0.005937755573540926
12582912,882.424,eval/episode_reward/orient_std,126.43822479248047
12582912,882.424,eval/episode_reward/total_std,127.54580688476562
12582912,882.424,eval/episode_state/forward_vel_std,13.601038932800293
12582912,882.424,eval/episode_state/up_z_std,72.62181854248047
12582912,882.424,eval/avg_episode_length,1000.0
12582912,882.424,eval/std_episode_length,0.0
12582912,882.424,eval/epoch_eval_time,10.628270387649536
12582912,882.424,eval/sps,12043.351865487068
16777216,1548.815,episode/sps,6195.128871462401
16777216,1548.815,episode/length,1000.0
16777216,1548.815,episode/reward/ctrl,-0.2524220286309719
16777216,1548.815,episode/reward/forward,625.434794921875
16777216,1548.815,episode/reward/joint,-0.08336021602153779
16777216,1548.815,episode/reward/orient,-4.548591634035111
16777216,1548.815,episode/reward/total,620.5504028320313
16777216,1548.815,episode/state/forward_vel,-1.2296777284145355
16777216,1548.815,episode/state/up_z,956.6638256835937
16777216,1548.815,episode/sum_reward,620.5504028320313
16777216,1548.815,episode/entropy_loss,-0.10955667607486248
16777216,1548.815,episode/kl_mean,0.0056957258563488725
16777216,1548.815,episode/learning_rate,0.0003000000142492354
16777216,1548.815,episode/policy_dist_max_loc,2.2781229424476623
16777216,1548.815,episode/policy_dist_max_std,3.097952723503113
16777216,1548.815,episode/policy_dist_mean_loc,-0.09797542236745357
16777216,1548.815,episode/policy_dist_mean_std,0.7659371650218963
16777216,1548.815,episode/policy_dist_min_loc,-2.9343817830085754
16777216,1548.815,episode/policy_dist_min_std,0.04987927673384547
16777216,1548.815,episode/policy_loss,-0.0020049215137260034
16777216,1548.815,episode/total_loss,3.7905930352210997
16777216,1548.815,episode/v_loss,3.90215463578701
16777216,1593.459,eval/walltime,120.72350549697876
16777216,1593.459,training/sps,6294.003823613397
16777216,1593.459,training/walltime,1453.3177309036255
16777216,1593.459,training/entropy_loss,-0.10957375168800354
16777216,1593.459,training/kl_mean,0.005275321193039417
16777216,1593.459,training/learning_rate,0.0003000000142492354
16777216,1593.459,training/policy_dist_max_loc,2.2833776473999023
16777216,1593.459,training/policy_dist_max_std,3.0927481651306152
16777216,1593.459,training/policy_dist_mean_loc,-0.09706106781959534
16777216,1593.459,training/policy_dist_mean_std,0.7656047344207764
16777216,1593.459,training/policy_dist_min_loc,-2.941328763961792
16777216,1593.459,training/policy_dist_min_std,0.05000840872526169
16777216,1593.459,training/policy_loss,-0.001596512389369309
16777216,1593.459,training/total_loss,3.80026912689209
16777216,1593.459,training/v_loss,3.9114394187927246
16777216,1593.459,eval/episode_reward,621.8026733398438
16777216,1593.459,eval/episode_reward/ctrl,-0.2528216242790222
16777216,1593.459,eval/episode_reward/forward,627.5372924804688
16777216,1593.459,eval/episode_reward/joint,-0.08718302845954895
16777216,1593.459,eval/episode_reward/orient,-5.394632339477539
16777216,1593.459,eval/episode_reward/total,621.8026733398438
16777216,1593.459,eval/episode_state/forward_vel,1.0865122079849243
16777216,1593.459,eval/episode_state/up_z,959.24755859375
16777216,1593.459,eval/episode_reward_std,21.962059020996094
16777216,1593.459,eval/episode_reward/ctrl_std,0.0033884141594171524
16777216,1593.459,eval/episode_reward/forward_std,14.281872749328613
16777216,1593.459,eval/episode_reward/joint_std,0.007948500104248524
16777216,1593.459,eval/episode_reward/orient_std,14.692904472351074
16777216,1593.459,eval/episode_reward/total_std,21.962059020996094
16777216,1593.459,eval/episode_state/forward_vel_std,11.830628395080566
16777216,1593.459,eval/episode_state/up_z_std,18.90237045288086
16777216,1593.459,eval/avg_episode_length,1000.0
16777216,1593.459,eval/std_episode_length,0.0
16777216,1593.459,eval/epoch_eval_time,44.62666416168213
16777216,1593.459,eval/sps,2868.2403761181163
20971520,2892.817,episode/sps,3120.7563697871215
20971520,2892.817,episode/length,1000.0
20971520,2892.817,episode/reward/ctrl,-0.2527297991514206
20971520,2892.817,episode/reward/forward,625.3001416015625
20971520,2892.817,episode/reward/joint,-0.08716371312737464
20971520,2892.817,episode/reward/orient,-3.961782149672508
20971520,2892.817,episode/reward/total,620.9984497070312
20971520,2892.817,episode/state/forward_vel,-0.833801479190588
20971520,2892.817,episode/state/up_z,961.1154534912109
20971520,2892.817,episode/sum_reward,620.9984497070312
20971520,2892.817,episode/entropy_loss,-0.10981048345565796
20971520,2892.817,episode/kl_mean,0.004735669521614909
20971520,2892.817,episode/learning_rate,0.0003000000142492354
20971520,2892.817,episode/policy_dist_max_loc,2.279593918323517
20971520,2892.817,episode/policy_dist_max_std,3.0564770793914793
20971520,2892.817,episode/policy_dist_mean_loc,-0.1031314941495657
20971520,2892.817,episode/policy_dist_mean_std,0.7672122359275818
20971520,2892.817,episode/policy_dist_min_loc,-2.9424765706062317
20971520,2892.817,episode/policy_dist_min_std,0.049628421980887655
20971520,2892.817,episode/policy_loss,-0.0010904434605618007
20971520,2892.817,episode/total_loss,4.107401588261127
20971520,2892.817,episode/v_loss,4.218302501440048
20971520,2936.022,eval/walltime,163.91100645065308
20971520,2936.022,training/sps,3227.9660326891785
20971520,2936.022,training/walltime,2752.68208527565
20971520,2936.022,training/entropy_loss,-0.10980965197086334
20971520,2936.022,training/kl_mean,0.004441297613084316
20971520,2936.022,training/learning_rate,0.0003000000142492354
20971520,2936.022,training/policy_dist_max_loc,2.2814440727233887
20971520,2936.022,training/policy_dist_max_std,3.0475659370422363
20971520,2936.022,training/policy_dist_mean_loc,-0.10205919295549393
20971520,2936.022,training/policy_dist_mean_std,0.7668158411979675
20971520,2936.022,training/policy_dist_min_loc,-2.94472336769104
20971520,2936.022,training/policy_dist_min_std,0.050011273473501205
20971520,2936.022,training/policy_loss,-0.0008278724853880703
20971520,2936.022,training/total_loss,4.11693000793457
20971520,2936.022,training/v_loss,4.227567672729492
20971520,2936.022,eval/episode_reward,607.67578125
20971520,2936.022,eval/episode_reward/ctrl,-0.2541900873184204
20971520,2936.022,eval/episode_reward/forward,628.9161987304688
20971520,2936.022,eval/episode_reward/joint,-0.08738608658313751
20971520,2936.022,eval/episode_reward/orient,-20.8988037109375
20971520,2936.022,eval/episode_reward/total,607.67578125
20971520,2936.022,eval/episode_state/forward_vel,2.015815496444702
20971520,2936.022,eval/episode_state/up_z,954.3943481445312
20971520,2936.022,eval/episode_reward_std,197.2803955078125
20971520,2936.022,eval/episode_reward/ctrl_std,0.004190301522612572
20971520,2936.022,eval/episode_reward/forward_std,14.636861801147461
20971520,2936.022,eval/episode_reward/joint_std,0.006822691299021244
20971520,2936.022,eval/episode_reward/orient_std,195.11215209960938
20971520,2936.022,eval/episode_reward/total_std,197.2803955078125
20971520,2936.022,eval/episode_state/forward_vel_std,11.505433082580566
20971520,2936.022,eval/episode_state/up_z_std,102.73464965820312
20971520,2936.022,eval/avg_episode_length,1000.0
20971520,2936.022,eval/std_episode_length,0.0
20971520,2936.022,eval/epoch_eval_time,43.187500953674316
20971520,2936.022,eval/sps,2963.820484480012
25165824,4240.619,episode/sps,3111.9596767959574
25165824,4240.619,episode/length,1000.0
25165824,4240.619,episode/reward/ctrl,-0.2544122652709484
25165824,4240.619,episode/reward/forward,628.2967736816406
25165824,4240.619,episode/reward/joint,-0.08821063712239266
25165824,4240.619,episode/reward/orient,-75.22852090343832
25165824,4240.619,episode/reward/total,552.7256671142578
25165824,4240.619,episode/state/forward_vel,2.115931444168091
25165824,4240.619,episode/state/up_z,926.786473236084
25165824,4240.619,episode/sum_reward,552.7256671142578
25165824,4240.619,episode/entropy_loss,-0.10987911552190781
25165824,4240.619,episode/kl_mean,0.004539228868670761
25165824,4240.619,episode/learning_rate,0.0003000000142492354
25165824,4240.619,episode/policy_dist_max_loc,2.268437342643738
25165824,4240.619,episode/policy_dist_max_std,2.9667721343040467
25165824,4240.619,episode/policy_dist_mean_loc,-0.10532938092947006
25165824,4240.619,episode/policy_dist_mean_std,0.7707939666509628
25165824,4240.619,episode/policy_dist_min_loc,-2.898578267097473
25165824,4240.619,episode/policy_dist_min_std,0.05022695407271385
25165824,4240.619,episode/policy_loss,-0.0007771642203442753
25165824,4240.619,episode/total_loss,3.471822444796562
25165824,4240.619,episode/v_loss,3.582478711605072
25165824,4282.613,eval/walltime,205.88928771018982
25165824,4282.613,training/sps,3215.005040844325
25165824,4282.613,training/walltime,4057.284705400467
25165824,4282.613,training/entropy_loss,-0.10987260192632675
25165824,4282.613,training/kl_mean,0.004263417329639196
25165824,4282.613,training/learning_rate,0.0003000000142492354
25165824,4282.613,training/policy_dist_max_loc,2.2708635330200195
25165824,4282.613,training/policy_dist_max_std,2.9623217582702637
25165824,4282.613,training/policy_dist_mean_loc,-0.1047251895070076
25165824,4282.613,training/policy_dist_mean_std,0.7705205678939819
25165824,4282.613,training/policy_dist_min_loc,-2.899536609649658
25165824,4282.613,training/policy_dist_min_std,0.049856916069984436
25165824,4282.613,training/policy_loss,-0.0006126394146122038
25165824,4282.613,training/total_loss,3.5095362663269043
25165824,4282.613,training/v_loss,3.6200215816497803
25165824,4282.613,eval/episode_reward,623.2889404296875
25165824,4282.613,eval/episode_reward/ctrl,-0.2538151443004608
25165824,4282.613,eval/episode_reward/forward,627.259765625
25165824,4282.613,eval/episode_reward/joint,-0.08994507789611816
25165824,4282.613,eval/episode_reward/orient,-3.6270015239715576
25165824,4282.613,eval/episode_reward/total,623.2889404296875
25165824,4282.613,eval/episode_state/forward_vel,1.4763847589492798
25165824,4282.613,eval/episode_state/up_z,965.823974609375
25165824,4282.613,eval/episode_reward_std,17.154809951782227
25165824,4282.613,eval/episode_reward/ctrl_std,0.0038442579098045826
25165824,4282.613,eval/episode_reward/forward_std,14.77868366241455
25165824,4282.613,eval/episode_reward/joint_std,0.005959891714155674
25165824,4282.613,eval/episode_reward/orient_std,6.493789196014404
25165824,4282.613,eval/episode_reward/total_std,17.154809951782227
25165824,4282.613,eval/episode_state/forward_vel_std,11.663838386535645
25165824,4282.613,eval/episode_state/up_z_std,11.113327026367188
25165824,4282.613,eval/avg_episode_length,1000.0
25165824,4282.613,eval/std_episode_length,0.0
25165824,4282.613,eval/epoch_eval_time,41.97828125953674
25165824,4282.613,eval/sps,3049.1958260182605
29360128,5578.387,episode/sps,3135.299432571874
29360128,5578.387,episode/length,1000.0
29360128,5578.387,episode/reward/ctrl,-0.2533570249378681
29360128,5578.387,episode/reward/forward,628.7053503417969
29360128,5578.387,episode/reward/joint,-0.09142723858356476
29360128,5578.387,episode/reward/orient,-3.4589431524276733
29360128,5578.387,episode/reward/total,624.9016638183593
29360128,5578.387,episode/state/forward_vel,2.610507756024599
29360128,5578.387,episode/state/up_z,964.405503540039
29360128,5578.387,episode/sum_reward,624.9016638183593
29360128,5578.387,episode/entropy_loss,-0.11017620600759984
29360128,5578.387,episode/kl_mean,0.004040425894781947
29360128,5578.387,episode/learning_rate,0.0003000000142492354
29360128,5578.387,episode/policy_dist_max_loc,2.273093531131744
29360128,5578.387,episode/policy_dist_max_std,2.9280400037765504
29360128,5578.387,episode/policy_dist_mean_loc,-0.10292275808751583
29360128,5578.387,episode/policy_dist_mean_std,0.7703546625375748
29360128,5578.387,episode/policy_dist_min_loc,-2.927466101646423
29360128,5578.387,episode/policy_dist_min_std,0.05106256630271673
29360128,5578.387,episode/policy_loss,-0.0005179712245444534
29360128,5578.387,episode/total_loss,3.684932280778885
29360128,5578.387,episode/v_loss,3.7956264638900756
29360128,5623.385,eval/walltime,250.87036037445068
29360128,5623.385,training/sps,3236.896227041973
29360128,5623.385,training/walltime,5353.064275026321
29360128,5623.385,training/entropy_loss,-0.110166996717453
29360128,5623.385,training/kl_mean,0.00376810017041862
29360128,5623.385,training/learning_rate,0.0003000000142492354
29360128,5623.385,training/policy_dist_max_loc,2.2692489624023438
29360128,5623.385,training/policy_dist_max_std,2.9298582077026367
29360128,5623.385,training/policy_dist_mean_loc,-0.10310348868370056
29360128,5623.385,training/policy_dist_mean_std,0.7699944972991943
29360128,5623.385,training/policy_dist_min_loc,-2.918295383453369
29360128,5623.385,training/policy_dist_min_std,0.05119236931204796
29360128,5623.385,training/policy_loss,-0.00038242293521761894
29360128,5623.385,training/total_loss,3.6761157512664795
29360128,5623.385,training/v_loss,3.786665201187134
29360128,5623.385,eval/episode_reward,613.6031494140625
29360128,5623.385,eval/episode_reward/ctrl,-0.25341111421585083
29360128,5623.385,eval/episode_reward/forward,630.3883666992188
29360128,5623.385,eval/episode_reward/joint,-0.0865781307220459
29360128,5623.385,eval/episode_reward/orient,-16.445280075073242
29360128,5623.385,eval/episode_reward/total,613.6031494140625
29360128,5623.385,eval/episode_state/forward_vel,3.7377376556396484
29360128,5623.385,eval/episode_state/up_z,958.0079345703125
29360128,5623.385,eval/episode_reward_std,157.30322265625
29360128,5623.385,eval/episode_reward/ctrl_std,0.003584762569516897
29360128,5623.385,eval/episode_reward/forward_std,13.67558765411377
29360128,5623.385,eval/episode_reward/joint_std,0.0055406405590474606
29360128,5623.385,eval/episode_reward/orient_std,154.3921661376953
29360128,5623.385,eval/episode_reward/total_std,157.30322265625
29360128,5623.385,eval/episode_state/forward_vel_std,11.026711463928223
29360128,5623.385,eval/episode_state/up_z_std,83.57069396972656
29360128,5623.385,eval/avg_episode_length,1000.0
29360128,5623.385,eval/std_episode_length,0.0
29360128,5623.385,eval/epoch_eval_time,44.981072664260864
29360128,5623.385,eval/sps,2845.6413424240272
33554432,6927.320,episode/sps,3109.349324406441
33554432,6927.320,episode/length,1000.0
33554432,6927.320,episode/reward/ctrl,-0.2534061010181904
33554432,6927.320,episode/reward/forward,631.0345251464844
33554432,6927.320,episode/reward/joint,-0.08781004562973976
33554432,6927.320,episode/reward/orient,-2.346125801205635
33554432,6927.320,episode/reward/total,628.347197265625
33554432,6927.320,episode/state/forward_vel,4.622693011425436
33554432,6927.320,episode/state/up_z,967.6492175292968
33554432,6927.320,episode/sum_reward,628.347197265625
33554432,6927.320,episode/entropy_loss,-0.11060061112046242
33554432,6927.320,episode/kl_mean,0.0043875271221622825
33554432,6927.320,episode/learning_rate,0.0003000000142492354
33554432,6927.320,episode/policy_dist_max_loc,2.24900203704834
33554432,6927.320,episode/policy_dist_max_std,2.92429233789444
33554432,6927.320,episode/policy_dist_mean_loc,-0.10175383180379867
33554432,6927.320,episode/policy_dist_mean_std,0.7733698028326035
33554432,6927.320,episode/policy_dist_min_loc,-2.896226854324341
33554432,6927.320,episode/policy_dist_min_std,0.051941301207989454
33554432,6927.320,episode/policy_loss,-0.0008579215694044251
33554432,6927.320,episode/total_loss,3.0151306861639022
33554432,6927.320,episode/v_loss,3.1265892106294633
33554432,6970.955,eval/walltime,294.4874458312988
33554432,6970.955,training/sps,3216.6354421859555
33554432,6970.955,training/walltime,6657.005637168884
33554432,6970.955,training/entropy_loss,-0.11059768497943878
33554432,6970.955,training/kl_mean,0.003950788639485836
33554432,6970.955,training/learning_rate,0.0003000000142492354
33554432,6970.955,training/policy_dist_max_loc,2.2443392276763916
33554432,6970.955,training/policy_dist_max_std,2.9137978553771973
33554432,6970.955,training/policy_dist_mean_loc,-0.10155052691698074
33554432,6970.955,training/policy_dist_mean_std,0.7728467583656311
33554432,6970.955,training/policy_dist_min_loc,-2.8943119049072266
33554432,6970.955,training/policy_dist_min_std,0.05225948244333267
33554432,6970.955,training/policy_loss,-0.0006739265518262982
33554432,6970.955,training/total_loss,3.033661365509033
33554432,6970.955,training/v_loss,3.144932746887207
33554432,6970.955,eval/episode_reward,630.064453125
33554432,6970.955,eval/episode_reward/ctrl,-0.2558788061141968
33554432,6970.955,eval/episode_reward/forward,633.3657836914062
33554432,6970.955,eval/episode_reward/joint,-0.08699354529380798
33554432,6970.955,eval/episode_reward/orient,-2.958547592163086
33554432,6970.955,eval/episode_reward/total,630.064453125
33554432,6970.955,eval/episode_state/forward_vel,6.7978515625
33554432,6970.955,eval/episode_state/up_z,965.9742431640625
33554432,6970.955,eval/episode_reward_std,13.745793342590332
33554432,6970.955,eval/episode_reward/ctrl_std,0.004791715182363987
33554432,6970.955,eval/episode_reward/forward_std,13.742321014404297
33554432,6970.955,eval/episode_reward/joint_std,0.005999952554702759
33554432,6970.955,eval/episode_reward/orient_std,3.7968034744262695
33554432,6970.955,eval/episode_reward/total_std,13.745793342590332
33554432,6970.955,eval/episode_state/forward_vel_std,11.85896110534668
33554432,6970.955,eval/episode_state/up_z_std,13.227519035339355
33554432,6970.955,eval/avg_episode_length,1000.0
33554432,6970.955,eval/std_episode_length,0.0
33554432,6970.955,eval/epoch_eval_time,43.617085456848145
33554432,6970.955,eval/sps,2934.629828181315
37748736,7999.021,episode/sps,3913.6874591942774
37748736,7999.021,episode/length,1000.0
37748736,7999.021,episode/reward/ctrl,-0.2562882362306118
37748736,7999.021,episode/reward/forward,631.7924346923828
37748736,7999.021,episode/reward/joint,-0.08735788278281689
37748736,7999.021,episode/reward/orient,-2.984485327601433
37748736,7999.021,episode/reward/total,628.4643072509766
37748736,7999.021,episode/state/forward_vel,5.571563814878464
37748736,7999.021,episode/state/up_z,968.0361596679687
37748736,7999.021,episode/sum_reward,628.4643072509766
37748736,7999.021,episode/entropy_loss,-0.11030748389661311
37748736,7999.021,episode/kl_mean,0.004575019185431302
37748736,7999.021,episode/learning_rate,0.0003000000142492354
37748736,7999.021,episode/policy_dist_max_loc,2.3339473748207094
37748736,7999.021,episode/policy_dist_max_std,2.9097410154342653
37748736,7999.021,episode/policy_dist_mean_loc,-0.10327233470976353
37748736,7999.021,episode/policy_dist_mean_std,0.7798239576816559
37748736,7999.021,episode/policy_dist_min_loc,-2.8886705684661864
37748736,7999.021,episode/policy_dist_min_std,0.05183940917253494
37748736,7999.021,episode/policy_loss,-0.0007962885334563907
37748736,7999.021,episode/total_loss,3.1127049911022184
37748736,7999.021,episode/v_loss,3.223808753490448
37748736,8041.835,eval/walltime,337.28523683547974
37748736,8041.835,training/sps,4079.7736477614685
37748736,8041.835,training/walltime,7685.078359365463
37748736,8041.835,training/entropy_loss,-0.1103159487247467
37748736,8041.835,training/kl_mean,0.004294895566999912
37748736,8041.835,training/learning_rate,0.0003000000142492354
37748736,8041.835,training/policy_dist_max_loc,2.325885534286499
37748736,8041.835,training/policy_dist_max_std,2.905911445617676
37748736,8041.835,training/policy_dist_mean_loc,-0.1031939759850502
37748736,8041.835,training/policy_dist_mean_std,0.7795261740684509
37748736,8041.835,training/policy_dist_min_loc,-2.8837831020355225
37748736,8041.835,training/policy_dist_min_std,0.05176418274641037
37748736,8041.835,training/policy_loss,-0.0006436735857278109
37748736,8041.835,training/total_loss,3.0895228385925293
37748736,8041.835,training/v_loss,3.2004828453063965
37748736,8041.835,eval/episode_reward,633.664306640625
37748736,8041.835,eval/episode_reward/ctrl,-0.2579830288887024
37748736,8041.835,eval/episode_reward/forward,637.7516479492188
37748736,8041.835,eval/episode_reward/joint,-0.08440454304218292
37748736,8041.835,eval/episode_reward/orient,-3.7449769973754883
37748736,8041.835,eval/episode_reward/total,633.664306640625
37748736,8041.835,eval/episode_state/forward_vel,9.849531173706055
37748736,8041.835,eval/episode_state/up_z,960.287841796875
37748736,8041.835,eval/episode_reward_std,14.438924789428711
37748736,8041.835,eval/episode_reward/ctrl_std,0.004009767435491085
37748736,8041.835,eval/episode_reward/forward_std,13.893628120422363
37748736,8041.835,eval/episode_reward/joint_std,0.004821255803108215
37748736,8041.835,eval/episode_reward/orient_std,4.0328049659729
37748736,8041.835,eval/episode_reward/total_std,14.438924789428711
37748736,8041.835,eval/episode_state/forward_vel_std,11.733379364013672
37748736,8041.835,eval/episode_state/up_z_std,17.64634895324707
37748736,8041.835,eval/avg_episode_length,1000.0
37748736,8041.835,eval/std_episode_length,0.0
37748736,8041.835,eval/epoch_eval_time,42.79779100418091
37748736,8041.835,eval/sps,2990.808567374323
41943040,9332.645,episode/sps,3145.0442157673224
41943040,9332.645,episode/length,1000.0
41943040,9332.645,episode/reward/ctrl,-0.2576208907365799
41943040,9332.645,episode/reward/forward,639.3553045654297
41943040,9332.645,episode/reward/joint,-0.08437639348208904
41943040,9332.645,episode/reward/orient,-39.101152039319274
41943040,9332.645,episode/reward/total,599.9121618652343
41943040,9332.645,episode/state/forward_vel,11.08692790299654
41943040,9332.645,episode/state/up_z,943.2898077392579
41943040,9332.645,episode/sum_reward,599.9121618652343
41943040,9332.645,episode/entropy_loss,-0.11018393836915492
41943040,9332.645,episode/kl_mean,0.004641604276839644
41943040,9332.645,episode/learning_rate,0.0003000000142492354
41943040,9332.645,episode/policy_dist_max_loc,2.335700409412384
41943040,9332.645,episode/policy_dist_max_std,2.9408145689964296
41943040,9332.645,episode/policy_dist_mean_loc,-0.10533480249345302
41943040,9332.645,episode/policy_dist_mean_std,0.7860879278182984
41943040,9332.645,episode/policy_dist_min_loc,-2.9037136936187746
41943040,9332.645,episode/policy_dist_min_std,0.05086338922381401
41943040,9332.645,episode/policy_loss,-0.0010576050460804254
41943040,9332.645,episode/total_loss,3.0339644399285315
41943040,9332.645,episode/v_loss,3.145205987095833
41943040,9375.638,eval/walltime,380.2624750137329
41943040,9375.638,training/sps,3249.3465862366534
41943040,9375.638,training/walltime,8975.892955064774
41943040,9375.638,training/entropy_loss,-0.11020074784755707
41943040,9375.638,training/kl_mean,0.004283417947590351
41943040,9375.638,training/learning_rate,0.0003000000142492354
41943040,9375.638,training/policy_dist_max_loc,2.3346195220947266
41943040,9375.638,training/policy_dist_max_std,2.940326452255249
41943040,9375.638,training/policy_dist_mean_loc,-0.10516070574522018
41943040,9375.638,training/policy_dist_mean_std,0.7857025861740112
41943040,9375.638,training/policy_dist_min_loc,-2.900156259536743
41943040,9375.638,training/policy_dist_min_std,0.05109301954507828
41943040,9375.638,training/policy_loss,-0.0008390166331082582
41943040,9375.638,training/total_loss,3.0360522270202637
41943040,9375.638,training/v_loss,3.147091865539551
41943040,9375.638,eval/episode_reward,605.8890380859375
41943040,9375.638,eval/episode_reward/ctrl,-0.2599821984767914
41943040,9375.638,eval/episode_reward/forward,638.04931640625
41943040,9375.638,eval/episode_reward/joint,-0.0870240181684494
41943040,9375.638,eval/episode_reward/orient,-31.813182830810547
41943040,9375.638,eval/episode_reward/total,605.8890380859375
41943040,9375.638,eval/episode_state/forward_vel,10.827853202819824
41943040,9375.638,eval/episode_state/up_z,954.6361083984375
41943040,9375.638,eval/episode_reward_std,328.50115966796875
41943040,9375.638,eval/episode_reward/ctrl_std,0.004462416283786297
41943040,9375.638,eval/episode_reward/forward_std,17.937318801879883
41943040,9375.638,eval/episode_reward/joint_std,0.005533169489353895
41943040,9375.638,eval/episode_reward/orient_std,321.2748107910156
41943040,9375.638,eval/episode_reward/total_std,328.50115966796875
41943040,9375.638,eval/episode_state/forward_vel_std,14.1239652633667
41943040,9375.638,eval/episode_state/up_z_std,163.729736328125
41943040,9375.638,eval/avg_episode_length,1000.0
41943040,9375.638,eval/std_episode_length,0.0
41943040,9375.638,eval/epoch_eval_time,42.977238178253174
41943040,9375.638,eval/sps,2978.320744322957
46137344,10677.459,episode/sps,3118.871610504115
46137344,10677.459,episode/length,1000.0
46137344,10677.459,episode/reward/ctrl,-0.25849929451942444
46137344,10677.459,episode/reward/forward,639.2932196044922
46137344,10677.459,episode/reward/joint,-0.08569442301988602
46137344,10677.459,episode/reward/orient,-47.78872088462114
46137344,10677.459,episode/reward/total,591.1603109741211
46137344,10677.459,episode/state/forward_vel,11.465127441063522
46137344,10677.459,episode/state/up_z,944.5539678955079
46137344,10677.459,episode/sum_reward,591.1603109741211
46137344,10677.459,episode/entropy_loss,-0.10992212697863579
46137344,10677.459,episode/kl_mean,0.004952833852730692
46137344,10677.459,episode/learning_rate,0.0003000000142492354
46137344,10677.459,episode/policy_dist_max_loc,2.347487382888794
46137344,10677.459,episode/policy_dist_max_std,2.9024278903007508
46137344,10677.459,episode/policy_dist_mean_loc,-0.10412230342626572
46137344,10677.459,episode/policy_dist_mean_std,0.7890605765581131
46137344,10677.459,episode/policy_dist_min_loc,-2.8228411507606506
46137344,10677.459,episode/policy_dist_min_std,0.055444552302360534
46137344,10677.459,episode/policy_loss,-0.001614731878216844
46137344,10677.459,episode/total_loss,2.6286955636739733
46137344,10677.459,episode/v_loss,2.7402324208617213
46137344,10719.800,eval/walltime,422.58545446395874
46137344,10719.800,training/sps,3221.859969378497
46137344,10719.800,training/walltime,10277.71986246109
46137344,10719.800,training/entropy_loss,-0.10992768406867981
46137344,10719.800,training/kl_mean,0.0044996547512710094
46137344,10719.800,training/learning_rate,0.0003000000142492354
46137344,10719.800,training/policy_dist_max_loc,2.3369059562683105
46137344,10719.800,training/policy_dist_max_std,2.8915257453918457
46137344,10719.800,training/policy_dist_mean_loc,-0.10506421327590942
46137344,10719.800,training/policy_dist_mean_std,0.7886593341827393
46137344,10719.800,training/policy_dist_min_loc,-2.8053321838378906
46137344,10719.800,training/policy_dist_min_std,0.055479496717453
46137344,10719.800,training/policy_loss,-0.0013457308523356915
46137344,10719.800,training/total_loss,2.6225056648254395
46137344,10719.800,training/v_loss,2.733778953552246
46137344,10719.800,eval/episode_reward,637.8034057617188
46137344,10719.800,eval/episode_reward/ctrl,-0.26023638248443604
46137344,10719.800,eval/episode_reward/forward,649.2249145507812
46137344,10719.800,eval/episode_reward/joint,-0.08736539632081985
46137344,10719.800,eval/episode_reward/orient,-11.073919296264648
46137344,10719.800,eval/episode_reward/total,637.8034057617188
46137344,10719.800,eval/episode_state/forward_vel,20.377700805664062
46137344,10719.800,eval/episode_state/up_z,964.6257934570312
46137344,10719.800,eval/episode_reward_std,103.5965805053711
46137344,10719.800,eval/episode_reward/ctrl_std,0.003978685010224581
46137344,10719.800,eval/episode_reward/forward_std,19.59794044494629
46137344,10719.800,eval/episode_reward/joint_std,0.0057210782542824745
46137344,10719.800,eval/episode_reward/orient_std,97.62969970703125
46137344,10719.800,eval/episode_reward/total_std,103.5965805053711
46137344,10719.800,eval/episode_state/forward_vel_std,16.643104553222656
46137344,10719.800,eval/episode_state/up_z_std,53.052764892578125
46137344,10719.800,eval/avg_episode_length,1000.0
46137344,10719.800,eval/std_episode_length,0.0
46137344,10719.800,eval/epoch_eval_time,42.32297945022583
46137344,10719.800,eval/sps,3024.3617453855086
50331648,11993.120,episode/sps,3187.9833740622603
50331648,11993.120,episode/length,1000.0
50331648,11993.120,episode/reward/ctrl,-0.26037045508623125
50331648,11993.120,episode/reward/forward,649.1137414550781
50331648,11993.120,episode/reward/joint,-0.0870549076795578
50331648,11993.120,episode/reward/orient,-2.5552433973550794
50331648,11993.120,episode/reward/total,646.2111163330078
50331648,11993.120,episode/state/forward_vel,20.129339090809225
50331648,11993.120,episode/state/up_z,968.9490338134766
50331648,11993.120,episode/sum_reward,646.2111163330078
50331648,11993.120,episode/entropy_loss,-0.10978884071111679
50331648,11993.120,episode/kl_mean,0.0050623287353664635
50331648,11993.120,episode/learning_rate,0.0003000000142492354
50331648,11993.120,episode/policy_dist_max_loc,2.3100241231918335
50331648,11993.120,episode/policy_dist_max_std,2.7772285032272337
50331648,11993.120,episode/policy_dist_mean_loc,-0.10065236061811447
50331648,11993.120,episode/policy_dist_mean_std,0.7926908844709396
50331648,11993.120,episode/policy_dist_min_loc,-2.764163680076599
50331648,11993.120,episode/policy_dist_min_std,0.05856828834861517
50331648,11993.120,episode/policy_loss,-0.0016608647000975908
50331648,11993.120,episode/total_loss,2.2356615442037584
50331648,11993.120,episode/v_loss,2.347111246585846
50331648,12041.915,eval/walltime,471.3644845485687
50331648,12041.915,training/sps,3293.9752098785125
50331648,12041.915,training/walltime,11551.045778036118
50331648,12041.915,training/entropy_loss,-0.10982737690210342
50331648,12041.915,training/kl_mean,0.004684607498347759
50331648,12041.915,training/learning_rate,0.0003000000142492354
50331648,12041.915,training/policy_dist_max_loc,2.3076601028442383
50331648,12041.915,training/policy_dist_max_std,2.7831692695617676
50331648,12041.915,training/policy_dist_mean_loc,-0.10071949660778046
50331648,12041.915,training/policy_dist_mean_std,0.7922183871269226
50331648,12041.915,training/policy_dist_min_loc,-2.758852005004883
50331648,12041.915,training/policy_dist_min_std,0.05846045911312103
50331648,12041.915,training/policy_loss,-0.0013582170940935612
50331648,12041.915,training/total_loss,2.180647134780884
50331648,12041.915,training/v_loss,2.29183292388916
50331648,12041.915,eval/episode_reward,645.7457275390625
50331648,12041.915,eval/episode_reward/ctrl,-0.26426106691360474
50331648,12041.915,eval/episode_reward/forward,657.2266845703125
50331648,12041.915,eval/episode_reward/joint,-0.0922652930021286
50331648,12041.915,eval/episode_reward/orient,-11.124371528625488
50331648,12041.915,eval/episode_reward/total,645.7457275390625
50331648,12041.915,eval/episode_state/forward_vel,27.458667755126953
50331648,12041.915,eval/episode_state/up_z,964.73681640625
50331648,12041.915,eval/episode_reward_std,80.97686767578125
50331648,12041.915,eval/episode_reward/ctrl_std,0.004636076744645834
50331648,12041.915,eval/episode_reward/forward_std,20.474414825439453
50331648,12041.915,eval/episode_reward/joint_std,0.006149745546281338
50331648,12041.915,eval/episode_reward/orient_std,72.4954605102539
50331648,12041.915,eval/episode_reward/total_std,80.97686767578125
50331648,12041.915,eval/episode_state/forward_vel_std,17.224321365356445
50331648,12041.915,eval/episode_state/up_z_std,43.126216888427734
50331648,12041.915,eval/avg_episode_length,1000.0
50331648,12041.915,eval/std_episode_length,0.0
50331648,12041.915,eval/epoch_eval_time,48.779030084609985
50331648,12041.915,eval/sps,2624.0784160319868
54525952,13321.925,episode/sps,3156.4485062907593
54525952,13321.925,episode/length,1000.0
54525952,13321.925,episode/reward/ctrl,-0.26309216529130935
54525952,13321.925,episode/reward/forward,654.2149548339844
54525952,13321.925,episode/reward/joint,-0.09149911791086197
54525952,13321.925,episode/reward/orient,-42.506341353058815
54525952,13321.925,episode/reward/total,611.3538989257812
54525952,13321.925,episode/state/forward_vel,24.95458205610514
54525952,13321.925,episode/state/up_z,948.9928085327149
54525952,13321.925,episode/sum_reward,611.3538989257812
54525952,13321.925,episode/entropy_loss,-0.10902029372751713
54525952,13321.925,episode/kl_mean,0.0049697519978508355
54525952,13321.925,episode/learning_rate,0.0003000000142492354
54525952,13321.925,episode/policy_dist_max_loc,2.3664311504364015
54525952,13321.925,episode/policy_dist_max_std,2.7390061140060427
54525952,13321.925,episode/policy_dist_mean_loc,-0.10167799778282642
54525952,13321.925,episode/policy_dist_mean_std,0.7985994440317153
54525952,13321.925,episode/policy_dist_min_loc,-2.7963429641723634
54525952,13321.925,episode/policy_dist_min_std,0.057434097416698936
54525952,13321.925,episode/policy_loss,-0.0013850835552148056
54525952,13321.925,episode/total_loss,1.9908161529898643
54525952,13321.925,episode/v_loss,2.1012215393781664
54525952,13365.020,eval/walltime,514.4420716762543
54525952,13365.020,training/sps,3276.759209492153
54525952,13365.020,training/walltime,12831.061712026596
54525952,13365.020,training/entropy_loss,-0.10905857384204865
54525952,13365.020,training/kl_mean,0.004624515771865845
54525952,13365.020,training/learning_rate,0.0003000000142492354
54525952,13365.020,training/policy_dist_max_loc,2.356835126876831
54525952,13365.020,training/policy_dist_max_std,2.744063377380371
54525952,13365.020,training/policy_dist_mean_loc,-0.10171830654144287
54525952,13365.020,training/policy_dist_mean_std,0.7982861995697021
54525952,13365.020,training/policy_dist_min_loc,-2.7925076484680176
54525952,13365.020,training/policy_dist_min_std,0.057146064937114716
54525952,13365.020,training/policy_loss,-0.0011464760173112154
54525952,13365.020,training/total_loss,1.9664307832717896
54525952,13365.020,training/v_loss,2.0766358375549316
54525952,13365.020,eval/episode_reward,650.0529174804688
54525952,13365.020,eval/episode_reward/ctrl,-0.2659841775894165
54525952,13365.020,eval/episode_reward/forward,657.5738525390625
54525952,13365.020,eval/episode_reward/joint,-0.09558410197496414
54525952,13365.020,eval/episode_reward/orient,-7.159306049346924
54525952,13365.020,eval/episode_reward/total,650.0529174804688
54525952,13365.020,eval/episode_state/forward_vel,27.613162994384766
54525952,13365.020,eval/episode_state/up_z,964.1180419921875
54525952,13365.020,eval/episode_reward_std,57.317813873291016
54525952,13365.020,eval/episode_reward/ctrl_std,0.004453947301954031
54525952,13365.020,eval/episode_reward/forward_std,20.08501625061035
54525952,13365.020,eval/episode_reward/joint_std,0.006168529856950045
54525952,13365.020,eval/episode_reward/orient_std,46.82182312011719
54525952,13365.020,eval/episode_reward/total_std,57.317813873291016
54525952,13365.020,eval/episode_state/forward_vel_std,16.79521942138672
54525952,13365.020,eval/episode_state/up_z_std,27.067598342895508
54525952,13365.020,eval/avg_episode_length,1000.0
54525952,13365.020,eval/std_episode_length,0.0
54525952,13365.020,eval/epoch_eval_time,43.07758712768555
54525952,13365.020,eval/sps,2971.3827661841265
58720256,14396.177,episode/sps,3904.393908867117
58720256,14396.177,episode/length,1000.0
58720256,14396.177,episode/reward/ctrl,-0.2652500042319298
58720256,14396.177,episode/reward/forward,657.2967407226563
58720256,14396.177,episode/reward/joint,-0.09502045713365077
58720256,14396.177,episode/reward/orient,-2.9736925745010376
58720256,14396.177,episode/reward/total,653.9628167724609
58720256,14396.177,episode/state/forward_vel,27.411298398971557
58720256,14396.177,episode/state/up_z,966.9113317871094
58720256,14396.177,episode/sum_reward,653.9628167724609
58720256,14396.177,episode/entropy_loss,-0.10833490170538425
58720256,14396.177,episode/kl_mean,0.004661322552710772
58720256,14396.177,episode/learning_rate,0.0003000000142492354
58720256,14396.177,episode/policy_dist_max_loc,2.3772307229042053
58720256,14396.177,episode/policy_dist_max_std,2.7595093417167664
58720256,14396.177,episode/policy_dist_mean_loc,-0.10479974061250687
58720256,14396.177,episode/policy_dist_mean_std,0.8034750366210938
58720256,14396.177,episode/policy_dist_min_loc,-2.761659474372864
58720256,14396.177,episode/policy_dist_min_std,0.06113704353570938
58720256,14396.177,episode/policy_loss,-0.0009845633432269097
58720256,14396.177,episode/total_loss,1.8450450637936593
58720256,14396.177,episode/v_loss,1.9543645301461219
58720256,14441.130,eval/walltime,559.3793344497681
58720256,14441.130,training/sps,4067.5495810434136
58720256,14441.130,training/walltime,13862.22406578064
58720256,14441.130,training/entropy_loss,-0.108316570520401
58720256,14441.130,training/kl_mean,0.004608419723808765
58720256,14441.130,training/learning_rate,0.0003000000142492354
58720256,14441.130,training/policy_dist_max_loc,2.3636817932128906
58720256,14441.130,training/policy_dist_max_std,2.75665020942688
58720256,14441.130,training/policy_dist_mean_loc,-0.10457010567188263
58720256,14441.130,training/policy_dist_mean_std,0.8033301830291748
58720256,14441.130,training/policy_dist_min_loc,-2.746314287185669
58720256,14441.130,training/policy_dist_min_std,0.06146475672721863
58720256,14441.130,training/policy_loss,-0.0007895695744082332
58720256,14441.130,training/total_loss,1.8251957893371582
58720256,14441.130,training/v_loss,1.9343019723892212
58720256,14441.130,eval/episode_reward,657.9869995117188
58720256,14441.130,eval/episode_reward/ctrl,-0.26837560534477234
58720256,14441.130,eval/episode_reward/forward,661.5245361328125
58720256,14441.130,eval/episode_reward/joint,-0.09543134272098541
58720256,14441.130,eval/episode_reward/orient,-3.173689365386963
58720256,14441.130,eval/episode_reward/total,657.9869995117188
58720256,14441.130,eval/episode_state/forward_vel,31.367584228515625
58720256,14441.130,eval/episode_state/up_z,965.84375
58720256,14441.130,eval/episode_reward_std,23.533065795898438
58720256,14441.130,eval/episode_reward/ctrl_std,0.004533551633358002
58720256,14441.130,eval/episode_reward/forward_std,22.205245971679688
58720256,14441.130,eval/episode_reward/joint_std,0.005640177987515926
58720256,14441.130,eval/episode_reward/orient_std,5.472753047943115
58720256,14441.130,eval/episode_reward/total_std,23.533065795898438
58720256,14441.130,eval/episode_state/forward_vel_std,18.728925704956055
58720256,14441.130,eval/episode_state/up_z_std,8.082393646240234
58720256,14441.130,eval/avg_episode_length,1000.0
58720256,14441.130,eval/std_episode_length,0.0
58720256,14441.130,eval/epoch_eval_time,44.937262773513794
58720256,14441.130,eval/sps,2848.4155932043936
62914560,15728.730,episode/sps,3147.5706369348036
62914560,15728.730,episode/length,1000.0
62914560,15728.730,episode/reward/ctrl,-0.26731554985046385
62914560,15728.730,episode/reward/forward,658.1613360595703
62914560,15728.730,episode/reward/joint,-0.09579717501997947
62914560,15728.730,episode/reward/orient,-2.4509868997335436
62914560,15728.730,episode/reward/total,655.347290649414
62914560,15728.730,episode/state/forward_vel,28.204284417033197
62914560,15728.730,episode/state/up_z,967.2589532470703
62914560,15728.730,episode/sum_reward,655.347290649414
62914560,15728.730,episode/entropy_loss,-0.10793449513614178
62914560,15728.730,episode/kl_mean,0.004190536148380488
62914560,15728.730,episode/learning_rate,0.0003000000142492354
62914560,15728.730,episode/policy_dist_max_loc,2.3585815119743345
62914560,15728.730,episode/policy_dist_max_std,2.7085441732406617
62914560,15728.730,episode/policy_dist_mean_loc,-0.11085734948515892
62914560,15728.730,episode/policy_dist_mean_std,0.806524149775505
62914560,15728.730,episode/policy_dist_min_loc,-2.7879876351356505
62914560,15728.730,episode/policy_dist_min_std,0.06134175859391689
62914560,15728.730,episode/policy_loss,-0.0008513246109941974
62914560,15728.730,episode/total_loss,1.9542028099298476
62914560,15728.730,episode/v_loss,2.0629886317253114
62914560,15773.336,eval/walltime,603.9700956344604
62914560,15773.336,training/sps,3257.4463383906786
62914560,15773.336,training/walltime,15149.829006671906
62914560,15773.336,training/entropy_loss,-0.10789775848388672
62914560,15773.336,training/kl_mean,0.004304558038711548
62914560,15773.336,training/learning_rate,0.0003000000142492354
62914560,15773.336,training/policy_dist_max_loc,2.357937812805176
62914560,15773.336,training/policy_dist_max_std,2.713784694671631
62914560,15773.336,training/policy_dist_mean_loc,-0.1100989431142807
62914560,15773.336,training/policy_dist_mean_std,0.8066027760505676
62914560,15773.336,training/policy_dist_min_loc,-2.791958808898926
62914560,15773.336,training/policy_dist_min_std,0.061338167637586594
62914560,15773.336,training/policy_loss,-0.0006455864058807492
62914560,15773.336,training/total_loss,1.9217627048492432
62914560,15773.336,training/v_loss,2.030306100845337
62914560,15773.336,eval/episode_reward,661.302001953125
62914560,15773.336,eval/episode_reward/ctrl,-0.2688635587692261
62914560,15773.336,eval/episode_reward/forward,664.3388671875
62914560,15773.336,eval/episode_reward/joint,-0.09727554768323898
62914560,15773.336,eval/episode_reward/orient,-2.6706666946411133
62914560,15773.336,eval/episode_reward/total,661.302001953125
62914560,15773.336,eval/episode_state/forward_vel,33.78843688964844
62914560,15773.336,eval/episode_state/up_z,966.1566162109375
62914560,15773.336,eval/episode_reward_std,23.19046974182129
62914560,15773.336,eval/episode_reward/ctrl_std,0.004120722413063049
62914560,15773.336,eval/episode_reward/forward_std,22.744497299194336
62914560,15773.336,eval/episode_reward/joint_std,0.006224534939974546
62914560,15773.336,eval/episode_reward/orient_std,2.4127275943756104
62914560,15773.336,eval/episode_reward/total_std,23.19046974182129
62914560,15773.336,eval/episode_state/forward_vel_std,19.034313201904297
62914560,15773.336,eval/episode_state/up_z_std,6.631494522094727
62914560,15773.336,eval/avg_episode_length,1000.0
62914560,15773.336,eval/std_episode_length,0.0
62914560,15773.336,eval/epoch_eval_time,44.59076118469238
62914560,15773.336,eval/sps,2870.549786531594
67108864,17065.852,episode/sps,3136.8138147109644
67108864,17065.852,episode/length,1000.0
67108864,17065.852,episode/reward/ctrl,-0.269690203666687
67108864,17065.852,episode/reward/forward,660.6294232177735
67108864,17065.852,episode/reward/joint,-0.09699813738465309
67108864,17065.852,episode/reward/orient,-2.8003827047348024
67108864,17065.852,episode/reward/total,657.462378540039
67108864,17065.852,episode/state/forward_vel,30.717290829643606
67108864,17065.852,episode/state/up_z,967.1187414550782
67108864,17065.852,episode/sum_reward,657.462378540039
67108864,17065.852,episode/entropy_loss,-0.10699835993349552
67108864,17065.852,episode/kl_mean,0.004351764908060432
67108864,17065.852,episode/learning_rate,0.0003000000142492354
67108864,17065.852,episode/policy_dist_max_loc,2.3565576481819153
67108864,17065.852,episode/policy_dist_max_std,2.7774554085731507
67108864,17065.852,episode/policy_dist_mean_loc,-0.1144613979011774
67108864,17065.852,episode/policy_dist_mean_std,0.8103226882219314
67108864,17065.852,episode/policy_dist_min_loc,-2.812382185459137
67108864,17065.852,episode/policy_dist_min_std,0.058623506240546706
67108864,17065.852,episode/policy_loss,-0.0006619229794159764
67108864,17065.852,episode/total_loss,1.8941003662347793
67108864,17065.852,episode/v_loss,2.0017606443166733
67108864,17109.694,eval/walltime,647.795990228653
67108864,17109.694,training/sps,3245.0543928479415
67108864,17109.694,training/walltime,16442.35094690323
67108864,17109.694,training/entropy_loss,-0.10699985921382904
67108864,17109.694,training/kl_mean,0.004256839863955975
67108864,17109.694,training/learning_rate,0.0003000000142492354
67108864,17109.694,training/policy_dist_max_loc,2.3501133918762207
67108864,17109.694,training/policy_dist_max_std,2.7676072120666504
67108864,17109.694,training/policy_dist_mean_loc,-0.1145344004034996
67108864,17109.694,training/policy_dist_mean_std,0.8102574348449707
67108864,17109.694,training/policy_dist_min_loc,-2.8036625385284424
67108864,17109.694,training/policy_dist_min_std,0.05856504663825035
67108864,17109.694,training/policy_loss,-0.00044719487777911127
67108864,17109.694,training/total_loss,1.8812897205352783
67108864,17109.694,training/v_loss,1.988736629486084
67108864,17109.694,eval/episode_reward,634.68359375
67108864,17109.694,eval/episode_reward/ctrl,-0.27017784118652344
67108864,17109.694,eval/episode_reward/forward,668.548095703125
67108864,17109.694,eval/episode_reward/joint,-0.09802979230880737
67108864,17109.694,eval/episode_reward/orient,-33.496299743652344
67108864,17109.694,eval/episode_reward/total,634.68359375
67108864,17109.694,eval/episode_state/forward_vel,37.394187927246094
67108864,17109.694,eval/episode_state/up_z,950.011962890625
67108864,17109.694,eval/episode_reward_std,305.1217346191406
67108864,17109.694,eval/episode_reward/ctrl_std,0.0047575365751981735
67108864,17109.694,eval/episode_reward/forward_std,22.75688362121582
67108864,17109.694,eval/episode_reward/joint_std,0.005176382139325142
67108864,17109.694,eval/episode_reward/orient_std,295.4768981933594
67108864,17109.694,eval/episode_reward/total_std,305.1217346191406
67108864,17109.694,eval/episode_state/forward_vel_std,19.30807113647461
67108864,17109.694,eval/episode_state/up_z_std,154.0682373046875
67108864,17109.694,eval/avg_episode_length,1000.0
67108864,17109.694,eval/std_episode_length,0.0
67108864,17109.694,eval/epoch_eval_time,43.825894594192505
67108864,17109.694,eval/sps,2920.6477399998503
71303168,18317.103,episode/sps,3352.0883942983683
71303168,18317.103,episode/length,1000.0
71303168,18317.103,episode/reward/ctrl,-0.270042681992054
71303168,18317.103,episode/reward/forward,661.7463079833984
71303168,18317.103,episode/reward/joint,-0.0987742630392313
71303168,18317.103,episode/reward/orient,-3.4846014726161956
71303168,18317.103,episode/reward/total,657.8928878784179
71303168,18317.103,episode/state/forward_vel,31.667763857841493
71303168,18317.103,episode/state/up_z,965.5563671875
71303168,18317.103,episode/sum_reward,657.8928878784179
71303168,18317.103,episode/entropy_loss,-0.10702701523900032
71303168,18317.103,episode/kl_mean,0.004944559552241117
71303168,18317.103,episode/learning_rate,0.0003000000142492354
71303168,18317.103,episode/policy_dist_max_loc,2.3236289620399475
71303168,18317.103,episode/policy_dist_max_std,2.740713727474213
71303168,18317.103,episode/policy_dist_mean_loc,-0.11749116025865078
71303168,18317.103,episode/policy_dist_mean_std,0.8109360349178314
71303168,18317.103,episode/policy_dist_min_loc,-2.736988618373871
71303168,18317.103,episode/policy_dist_min_std,0.05789024718105793
71303168,18317.103,episode/policy_loss,-0.0010078819045156707
71303168,18317.103,episode/total_loss,2.8645001766085625
71303168,18317.103,episode/v_loss,2.972535079717636
71303168,18366.843,eval/walltime,697.520830154419
71303168,18366.843,training/sps,3473.790298232426
71303168,18366.843,training/walltime,17649.765223503113
71303168,18366.843,training/entropy_loss,-0.10702675580978394
71303168,18366.843,training/kl_mean,0.004861918743699789
71303168,18366.843,training/learning_rate,0.0003000000142492354
71303168,18366.843,training/policy_dist_max_loc,2.3157036304473877
71303168,18366.843,training/policy_dist_max_std,2.7475881576538086
71303168,18366.843,training/policy_dist_mean_loc,-0.11765197664499283
71303168,18366.843,training/policy_dist_mean_std,0.8108564019203186
71303168,18366.843,training/policy_dist_min_loc,-2.7384767532348633
71303168,18366.843,training/policy_dist_min_std,0.058307111263275146
71303168,18366.843,training/policy_loss,-0.0007285299943760037
71303168,18366.843,training/total_loss,2.864388942718506
71303168,18366.843,training/v_loss,2.972144365310669
71303168,18366.843,eval/episode_reward,645.8538208007812
71303168,18366.843,eval/episode_reward/ctrl,-0.2709312438964844
71303168,18366.843,eval/episode_reward/forward,667.366943359375
71303168,18366.843,eval/episode_reward/joint,-0.09799796342849731
71303168,18366.843,eval/episode_reward/orient,-21.144195556640625
71303168,18366.843,eval/episode_reward/total,645.8538208007812
71303168,18366.843,eval/episode_state/forward_vel,36.750633239746094
71303168,18366.843,eval/episode_state/up_z,957.0748291015625
71303168,18366.843,eval/episode_reward_std,212.0284881591797
71303168,18366.843,eval/episode_reward/ctrl_std,0.004325083922594786
71303168,18366.843,eval/episode_reward/forward_std,22.878273010253906
71303168,18366.843,eval/episode_reward/joint_std,0.005619495175778866
71303168,18366.843,eval/episode_reward/orient_std,207.33633422851562
71303168,18366.843,eval/episode_reward/total_std,212.0284881591797
71303168,18366.843,eval/episode_state/forward_vel_std,19.910362243652344
71303168,18366.843,eval/episode_state/up_z_std,108.3753890991211
71303168,18366.843,eval/avg_episode_length,1000.0
71303168,18366.843,eval/std_episode_length,0.0
71303168,18366.843,eval/epoch_eval_time,49.72483992576599
71303168,18366.843,eval/sps,2574.1661550060426
75497472,19656.718,episode/sps,3130.9783628115033
75497472,19656.718,episode/length,1000.0
75497472,19656.718,episode/reward/ctrl,-0.2713376793265343
75497472,19656.718,episode/reward/forward,667.020757446289
75497472,19656.718,episode/reward/joint,-0.09843111246824264
75497472,19656.718,episode/reward/orient,-38.33483462154865
75497472,19656.718,episode/reward/total,628.3161358642578
75497472,19656.718,episode/state/forward_vel,36.28825798869133
75497472,19656.718,episode/state/up_z,948.8599273681641
75497472,19656.718,episode/sum_reward,628.3161358642578
75497472,19656.718,episode/entropy_loss,-0.10659745641052723
75497472,19656.718,episode/kl_mean,0.004584597432985902
75497472,19656.718,episode/learning_rate,0.0003000000142492354
75497472,19656.718,episode/policy_dist_max_loc,2.344930040836334
75497472,19656.718,episode/policy_dist_max_std,2.5921711802482603
75497472,19656.718,episode/policy_dist_mean_loc,-0.1250524728745222
75497472,19656.718,episode/policy_dist_mean_std,0.8125780475139618
75497472,19656.718,episode/policy_dist_min_loc,-2.720736017227173
75497472,19656.718,episode/policy_dist_min_std,0.060389372333884236
75497472,19656.718,episode/policy_loss,-0.0005199865163740469
75497472,19656.718,episode/total_loss,3.2293028429150583
75497472,19656.718,episode/v_loss,3.336420284509659
75497472,19705.106,eval/walltime,745.892725944519
75497472,19705.106,training/sps,3251.6998536691394
75497472,19705.106,training/walltime,18939.64565181732
75497472,19705.106,training/entropy_loss,-0.10659467428922653
75497472,19705.106,training/kl_mean,0.004792637657374144
75497472,19705.106,training/learning_rate,0.0003000000142492354
75497472,19705.106,training/policy_dist_max_loc,2.338416576385498
75497472,19705.106,training/policy_dist_max_std,2.599736452102661
75497472,19705.106,training/policy_dist_mean_loc,-0.12437677383422852
75497472,19705.106,training/policy_dist_mean_std,0.8126564621925354
75497472,19705.106,training/policy_dist_min_loc,-2.7152926921844482
75497472,19705.106,training/policy_dist_min_std,0.060723379254341125
75497472,19705.106,training/policy_loss,-0.00020981839043088257
75497472,19705.106,training/total_loss,3.1816039085388184
75497472,19705.106,training/v_loss,3.2884082794189453
75497472,19705.106,eval/episode_reward,663.3834228515625
75497472,19705.106,eval/episode_reward/ctrl,-0.27339228987693787
75497472,19705.106,eval/episode_reward/forward,665.7338256835938
75497472,19705.106,eval/episode_reward/joint,-0.09987302124500275
75497472,19705.106,eval/episode_reward/orient,-1.97706937789917
75497472,19705.106,eval/episode_reward/total,663.3834228515625
75497472,19705.106,eval/episode_state/forward_vel,34.85197448730469
75497472,19705.106,eval/episode_state/up_z,969.2919311523438
75497472,19705.106,eval/episode_reward_std,23.85823631286621
75497472,19705.106,eval/episode_reward/ctrl_std,0.004129267297685146
75497472,19705.106,eval/episode_reward/forward_std,23.42246437072754
75497472,19705.106,eval/episode_reward/joint_std,0.005596916191279888
75497472,19705.106,eval/episode_reward/orient_std,2.2306647300720215
75497472,19705.106,eval/episode_reward/total_std,23.85823631286621
75497472,19705.106,eval/episode_state/forward_vel_std,19.7246036529541
75497472,19705.106,eval/episode_state/up_z_std,5.826929569244385
75497472,19705.106,eval/avg_episode_length,1000.0
75497472,19705.106,eval/std_episode_length,0.0
75497472,19705.106,eval/epoch_eval_time,48.3718957901001
75497472,19705.106,eval/sps,2646.164635668399
79691776,20746.265,episode/sps,3849.584965660787
79691776,20746.265,episode/length,1000.0
79691776,20746.265,episode/reward/ctrl,-0.27258743822574616
79691776,20746.265,episode/reward/forward,668.9827996826172
79691776,20746.265,episode/reward/joint,-0.09961289919912815
79691776,20746.265,episode/reward/orient,-2.2434733098745347
79691776,20746.265,episode/reward/total,666.3671527099609
79691776,20746.265,episode/state/forward_vel,37.65610919237137
79691776,20746.265,episode/state/up_z,969.382255859375
79691776,20746.265,episode/sum_reward,666.3671527099609
79691776,20746.265,episode/entropy_loss,-0.10560737632215023
79691776,20746.265,episode/kl_mean,0.004784812349826097
79691776,20746.265,episode/learning_rate,0.0003000000142492354
79691776,20746.265,episode/policy_dist_max_loc,2.330910050868988
79691776,20746.265,episode/policy_dist_max_std,2.682233603000641
79691776,20746.265,episode/policy_dist_mean_loc,-0.12709357097744942
79691776,20746.265,episode/policy_dist_mean_std,0.8179907304048538
79691776,20746.265,episode/policy_dist_min_loc,-2.7201174664497376
79691776,20746.265,episode/policy_dist_min_std,0.05569593342021108
79691776,20746.265,episode/policy_loss,-0.0006123887054855004
79691776,20746.265,episode/total_loss,1.8863222435116769
79691776,20746.265,episode/v_loss,1.9925420290231706
79691776,20790.808,eval/walltime,790.4205741882324
79691776,20790.808,training/sps,4028.4752160060702
79691776,20790.808,training/walltime,19980.809808254242
79691776,20790.808,training/entropy_loss,-0.10557512938976288
79691776,20790.808,training/kl_mean,0.004647162742912769
79691776,20790.808,training/learning_rate,0.0003000000142492354
79691776,20790.808,training/policy_dist_max_loc,2.3311171531677246
79691776,20790.808,training/policy_dist_max_std,2.6874306201934814
79691776,20790.808,training/policy_dist_mean_loc,-0.12760141491889954
79691776,20790.808,training/policy_dist_mean_std,0.8181381821632385
79691776,20790.808,training/policy_dist_min_loc,-2.722050666809082
79691776,20790.808,training/policy_dist_min_std,0.05527527630329132
79691776,20790.808,training/policy_loss,-0.0004221309209242463
79691776,20790.808,training/total_loss,1.8977560997009277
79691776,20790.808,training/v_loss,2.003753185272217
79691776,20790.808,eval/episode_reward,642.7578125
79691776,20790.808,eval/episode_reward/ctrl,-0.27528879046440125
79691776,20790.808,eval/episode_reward/forward,667.678466796875
79691776,20790.808,eval/episode_reward/joint,-0.10132025927305222
79691776,20790.808,eval/episode_reward/orient,-24.544025421142578
79691776,20790.808,eval/episode_reward/total,642.7578125
79691776,20790.808,eval/episode_state/forward_vel,37.03080749511719
79691776,20790.808,eval/episode_state/up_z,956.8637084960938
79691776,20790.808,eval/episode_reward_std,243.26336669921875
79691776,20790.808,eval/episode_reward/ctrl_std,0.004936718847602606
79691776,20790.808,eval/episode_reward/forward_std,26.95340347290039
79691776,20790.808,eval/episode_reward/joint_std,0.005809073336422443
79691776,20790.808,eval/episode_reward/orient_std,243.49578857421875
79691776,20790.808,eval/episode_reward/total_std,243.26336669921875
79691776,20790.808,eval/episode_state/forward_vel_std,22.87163734436035
79691776,20790.808,eval/episode_state/up_z_std,127.32056427001953
79691776,20790.808,eval/avg_episode_length,1000.0
79691776,20790.808,eval/std_episode_length,0.0
79691776,20790.808,eval/epoch_eval_time,44.52784824371338
79691776,20790.808,eval/sps,2874.6055569409095
83886080,22118.812,episode/sps,3055.8542899287013
83886080,22118.812,episode/length,1000.0
83886080,22118.812,episode/reward/ctrl,-0.27524144262075423
83886080,22118.812,episode/reward/forward,670.0421307373047
83886080,22118.812,episode/reward/joint,-0.10181877568364144
83886080,22118.812,episode/reward/orient,-1.9277094691991805
83886080,22118.812,episode/reward/total,667.7373266601562
83886080,22118.812,episode/state/forward_vel,38.1864834690094
83886080,22118.812,episode/state/up_z,968.2356164550781
83886080,22118.812,episode/sum_reward,667.7373266601562
83886080,22118.812,episode/entropy_loss,-0.10518723048269749
83886080,22118.812,episode/kl_mean,0.00452237730845809
83886080,22118.812,episode/learning_rate,0.0003000000142492354
83886080,22118.812,episode/policy_dist_max_loc,2.3323599004745486
83886080,22118.812,episode/policy_dist_max_std,2.6617633056640626
83886080,22118.812,episode/policy_dist_mean_loc,-0.12904151737689973
83886080,22118.812,episode/policy_dist_mean_std,0.819875722527504
83886080,22118.812,episode/policy_dist_min_loc,-2.752961986064911
83886080,22118.812,episode/policy_dist_min_std,0.054198546446859834
83886080,22118.812,episode/policy_loss,-0.0006316754744329955
83886080,22118.812,episode/total_loss,2.111158508956432
83886080,22118.812,episode/v_loss,2.2169774186611177
83886080,22164.205,eval/walltime,835.796945810318
83886080,22164.205,training/sps,3158.3368080788623
83886080,22164.205,training/walltime,21308.820167779922
83886080,22164.205,training/entropy_loss,-0.1051344946026802
83886080,22164.205,training/kl_mean,0.004601237364113331
83886080,22164.205,training/learning_rate,0.0003000000142492354
83886080,22164.205,training/policy_dist_max_loc,2.329524278640747
83886080,22164.205,training/policy_dist_max_std,2.6548404693603516
83886080,22164.205,training/policy_dist_mean_loc,-0.12938815355300903
83886080,22164.205,training/policy_dist_mean_std,0.8197435736656189
83886080,22164.205,training/policy_dist_min_loc,-2.7467851638793945
83886080,22164.205,training/policy_dist_min_std,0.05490062013268471
83886080,22164.205,training/policy_loss,-0.000382354948669672
83886080,22164.205,training/total_loss,2.108893394470215
83886080,22164.205,training/v_loss,2.2144103050231934
83886080,22164.205,eval/episode_reward,671.3265380859375
83886080,22164.205,eval/episode_reward/ctrl,-0.2763754725456238
83886080,22164.205,eval/episode_reward/forward,674.056884765625
83886080,22164.205,eval/episode_reward/joint,-0.10166244208812714
83886080,22164.205,eval/episode_reward/orient,-2.3522109985351562
83886080,22164.205,eval/episode_reward/total,671.3265380859375
83886080,22164.205,eval/episode_state/forward_vel,42.952857971191406
83886080,22164.205,eval/episode_state/up_z,968.427001953125
83886080,22164.205,eval/episode_reward_std,22.264888763427734
83886080,22164.205,eval/episode_reward/ctrl_std,0.004291504621505737
83886080,22164.205,eval/episode_reward/forward_std,22.07931137084961
83886080,22164.205,eval/episode_reward/joint_std,0.005153889302164316
83886080,22164.205,eval/episode_reward/orient_std,2.6595230102539062
83886080,22164.205,eval/episode_reward/total_std,22.264888763427734
83886080,22164.205,eval/episode_state/forward_vel_std,18.99254035949707
83886080,22164.205,eval/episode_state/up_z_std,5.916163444519043
83886080,22164.205,eval/avg_episode_length,1000.0
83886080,22164.205,eval/std_episode_length,0.0
83886080,22164.205,eval/epoch_eval_time,45.37637162208557
83886080,22164.205,eval/sps,2820.851368770523
88080384,23469.192,episode/sps,3106.0176775593613
88080384,23469.192,episode/length,1000.0
88080384,23469.192,episode/reward/ctrl,-0.2763227534294128
88080384,23469.192,episode/reward/forward,673.6366180419922
88080384,23469.192,episode/reward/joint,-0.10093943327665329
88080384,23469.192,episode/reward/orient,-2.7677791583538056
88080384,23469.192,episode/reward/total,670.4915856933594
88080384,23469.192,episode/state/forward_vel,42.60806925058365
88080384,23469.192,episode/state/up_z,967.781019897461
88080384,23469.192,episode/sum_reward,670.4915856933594
88080384,23469.192,episode/entropy_loss,-0.10452552914619445
88080384,23469.192,episode/kl_mean,0.005173670134972781
88080384,23469.192,episode/learning_rate,0.0003000000142492354
88080384,23469.192,episode/policy_dist_max_loc,2.34166891336441
88080384,23469.192,episode/policy_dist_max_std,2.586722528934479
88080384,23469.192,episode/policy_dist_mean_loc,-0.13559741005301476
88080384,23469.192,episode/policy_dist_mean_std,0.8222801637649536
88080384,23469.192,episode/policy_dist_min_loc,-2.7361683368682863
88080384,23469.192,episode/policy_dist_min_std,0.0556265589222312
88080384,23469.192,episode/policy_loss,-0.00037162275519222023
88080384,23469.192,episode/total_loss,3.1720847687125207
88080384,23469.192,episode/v_loss,3.276981914937496
88080384,23515.778,eval/walltime,882.3670167922974
88080384,23515.778,training/sps,3214.0439002180024
88080384,23515.778,training/walltime,22613.812921524048
88080384,23515.778,training/entropy_loss,-0.10448727756738663
88080384,23515.778,training/kl_mean,0.0054140398278832436
88080384,23515.778,training/learning_rate,0.0003000000142492354
88080384,23515.778,training/policy_dist_max_loc,2.3346967697143555
88080384,23515.778,training/policy_dist_max_std,2.594195604324341
88080384,23515.778,training/policy_dist_mean_loc,-0.1353350728750229
88080384,23515.778,training/policy_dist_mean_std,0.8223445415496826
88080384,23515.778,training/policy_dist_min_loc,-2.734868049621582
88080384,23515.778,training/policy_dist_min_std,0.055941592901945114
88080384,23515.778,training/policy_loss,-9.498941653873771e-05
88080384,23515.778,training/total_loss,3.1699464321136475
88080384,23515.778,training/v_loss,3.2745285034179688
88080384,23515.778,eval/episode_reward,668.2867431640625
88080384,23515.778,eval/episode_reward/ctrl,-0.27705755829811096
88080384,23515.778,eval/episode_reward/forward,670.91943359375
88080384,23515.778,eval/episode_reward/joint,-0.10162363946437836
88080384,23515.778,eval/episode_reward/orient,-2.254030466079712
88080384,23515.778,eval/episode_reward/total,668.2867431640625
88080384,23515.778,eval/episode_state/forward_vel,40.261329650878906
88080384,23515.778,eval/episode_state/up_z,969.0514526367188
88080384,23515.778,eval/episode_reward_std,26.214984893798828
88080384,23515.778,eval/episode_reward/ctrl_std,0.004267870914191008
88080384,23515.778,eval/episode_reward/forward_std,26.097158432006836
88080384,23515.778,eval/episode_reward/joint_std,0.005769913550466299
88080384,23515.778,eval/episode_reward/orient_std,2.975064516067505
88080384,23515.778,eval/episode_reward/total_std,26.214984893798828
88080384,23515.778,eval/episode_state/forward_vel_std,22.78244972229004
88080384,23515.778,eval/episode_state/up_z_std,5.882055282592773
88080384,23515.778,eval/avg_episode_length,1000.0
88080384,23515.778,eval/std_episode_length,0.0
88080384,23515.778,eval/epoch_eval_time,46.57007098197937
88080384,23515.778,eval/sps,2748.5463797023317
